session_id,session_number,threshold,density, avg_clst,                   avg_deg, topo r2, diameter, num_clq, max_clq_size, max_load_cent,                   str connected comps, degdist r2 
1961098,2,1,0.3863,0.7291,26,0.3949,3,70,22,0.06055762041267833,1,0.6702504764050294
1961098,1,1,0.3876,0.7313,26,0.3296,3,70,23,0.06982346668682436,1,0.6791494644246565
4288245,1,1,0.3752,0.7505,25,0.6803,4,70,19,0.07240021904842196,1,0.636669933568625
2475376,2,1,0.3963,0.7371,27,0.5278,4,70,21,0.04573108633455187,1,0.44665214149565136
8735778,2,1,0.3896,0.7383,26,0.7057,3,70,22,0.07938154939507057,1,0.6182597493150828
3313349,1,1,0.3988,0.7453,27,0.6176,3,70,19,0.05182606179238048,1,0.7048020116761663
3808535,1,1,0.3495,0.7253,24,0.6569,3,70,19,0.11072729389399108,1,0.6871496384032225
3808535,2,1,0.4083,0.7478,28,0.5393,3,70,24,0.0844675244632587,1,0.6891580938635631
8735778,1,1,0.4050,0.7359,27,0.5578,3,70,24,0.07788331770302162,1,0.680662889482685
3313349,2,1,0.4017,0.7648,27,0.6956,3,70,22,0.04876234236578887,1,0.5941909975945996
2475376,1,1,0.3954,0.7353,27,0.4484,3,70,22,0.057087021696217884,1,0.5698116806546376
4288245,2,1,0.3843,0.7549,26,0.5729,3,70,21,0.05912392811276849,1,0.5222353401921228
0021018,2,1,0.3959,0.7492,27,0.6342,4,70,22,0.06635442385228932,1,0.6166174441406203
0021018,1,1,0.4282,0.7615,29,0.6477,4,70,22,0.04526955584886893,1,0.4702767995489364
0021002,2,1,0.3747,0.7566,25,0.7579,4,70,22,0.05049928413113625,1,0.6279633600762158
3795193,1,1,0.3619,0.7142,24,0.5688,4,70,19,0.07549079547610794,1,0.6099573503923736
2842950,1,1,0.4696,0.7596,32,0.0269,3,70,33,0.03742634970139391,1,0.6762393364244982
0021024,2,1,0.3358,0.7220,23,0.5585,3,70,19,0.09033535481769983,1,0.5857246780069606
2842950,2,1,0.4696,0.7862,32,0.4225,3,70,28,0.03724023057242975,1,0.5903259878909728
0021024,1,1,0.3308,0.7016,22,0.4069,4,70,18,0.0799828151008278,1,0.6629873681939775
0021002,1,1,0.3723,0.7454,25,0.5038,4,70,22,0.05822361103713988,1,0.5022086600993001
3795193,2,1,0.3851,0.7390,26,0.3569,3,70,23,0.07796283406355704,1,0.5017475908236948
7055197,2,1,0.3789,0.7152,26,0.4076,3,70,23,0.06970375649295023,1,0.5916383587203593
7055197,1,1,0.3983,0.7067,27,0.3764,3,70,22,0.05351833769213603,1,0.6884306804112705
2799329,2,1,0.3689,0.7504,25,0.5417,4,70,20,0.07328095951614168,1,0.6072234556151129
2799329,1,1,0.3834,0.7428,26,0.6009,3,70,19,0.06721820346059143,1,0.5816461876140748
0021001,1,1,0.4650,0.7878,32,0.1924,4,70,30,0.05197378081226696,1,0.5182005115485813
9630905,2,1,0.4029,0.7705,27,0.6642,3,70,21,0.08978141507956727,1,0.6115443289741977
4176156,1,1,0.3387,0.7351,23,0.6287,4,70,18,0.11435539321617326,1,0.5715261100173589
1793622,1,1,0.3516,0.7455,24,0.7737,3,70,19,0.05275750585222819,1,0.6729042472402351
1793622,2,1,0.3449,0.7375,23,0.6266,4,70,17,0.06733196866682674,1,0.5828403840885124
4176156,2,1,0.3619,0.7443,24,0.5931,3,70,21,0.10299878636709149,1,0.6874589635632098
9630905,1,1,0.3718,0.7599,25,0.7621,4,70,20,0.10408610501659046,1,0.5277004215011727
0021001,2,1,0.3793,0.7324,26,0.6780,4,70,19,0.06742351810929677,1,0.538548860245968
0021006,2,1,0.4095,0.7600,28,0.5375,3,70,22,0.0983502768270774,1,0.6894552046018902
3201815,1,1,0.3723,0.7636,25,0.8093,3,70,19,0.06266410024960578,1,0.5749162595470554
3315657,2,1,0.3503,0.7269,24,0.6888,4,70,19,0.10569439199345511,1,0.5916013002173515
3315657,1,1,0.3660,0.7174,25,0.4732,3,70,19,0.06549594290087576,1,0.669671627411627
3201815,2,1,0.4021,0.7817,27,0.8381,3,70,22,0.10033555243463418,1,0.604541565749444
0021006,1,1,0.3805,0.7458,26,0.4759,4,70,23,0.11568523509053824,1,0.6990788252506293
1961098,2,10,0.3478,0.7386,24,0.5008,4,70,22,0.08921385384844582,1,0.6400353746774377
1961098,1,10,0.3532,0.7396,24,0.4562,3,70,23,0.08627589581264486,1,0.5974285912094879
4288245,1,10,0.3379,0.7346,23,0.3222,4,70,18,0.11459872644651166,1,0.510439298703127
2475376,2,10,0.3582,0.7137,24,0.4348,4,70,19,0.051499975623080126,1,0.5592901710710336
8735778,2,10,0.3511,0.7419,24,0.7947,3,70,22,0.08944941670500602,1,0.6981884355022556
3313349,1,10,0.3594,0.7495,24,0.7490,3,70,19,0.06179533713536622,1,0.7188461435542154
3808535,1,10,0.3151,0.7168,21,0.6762,4,70,17,0.13892364469746524,1,0.6253601778416882
3808535,2,10,0.3710,0.7299,25,0.5273,3,70,21,0.10302500671479846,1,0.6302016924326207
8735778,1,10,0.3656,0.7194,25,0.5643,3,70,22,0.09694750919555603,1,0.6263066588299309
3313349,2,10,0.3615,0.7453,24,0.2783,4,70,21,0.05861560001333794,1,0.49730485315327166
2475376,1,10,0.3565,0.7392,24,0.5677,4,70,20,0.07861705723929042,1,0.6227982582436478
4288245,2,10,0.3470,0.7440,23,0.3025,4,70,20,0.07562956397217781,1,0.5327721472772291
0021018,2,10,0.3582,0.7581,24,0.3380,4,70,22,0.08787784604626771,1,0.466904280219936
0021018,1,10,0.3981,0.7517,27,0.5680,4,69,22,0.067193144473826,1,0.5784462194494141
0021002,2,10,0.3379,0.7590,23,0.8316,4,70,19,0.07366492171056763,1,0.5485530885042845
3795193,1,10,0.3271,0.6966,22,0.1881,4,70,18,0.09754977283802953,1,0.4513344634304376
2842950,1,10,0.4248,0.7635,29,0.2619,4,70,29,0.04629964662461363,1,0.6810589029572022
0021024,2,10,0.3023,0.7361,20,0.6419,4,70,19,0.08797273918103929,1,0.6524443290561428
2842950,2,10,0.4240,0.7714,29,0.6451,4,70,25,0.061635141458860565,1,0.5413513396823805
0021024,1,10,0.2986,0.7222,20,0.5252,4,70,18,0.11845343861308172,1,0.5818169308714479
0021002,1,10,0.3391,0.7628,23,0.7700,4,70,20,0.0591692313798026,1,0.6408068408385099
3795193,2,10,0.3466,0.7544,23,0.3994,3,70,22,0.08278430581777106,1,0.6882260523178754
7055197,2,10,0.3416,0.7140,23,0.5194,4,70,22,0.09021027924519337,1,0.49041127850963795
7055197,1,10,0.3615,0.7177,24,0.4672,3,70,21,0.07298426796117582,1,0.616649848070043
2799329,2,10,0.3350,0.7665,23,0.8540,4,70,17,0.08861251278061356,1,0.5422798143626125
2799329,1,10,0.3559,0.7365,24,0.6077,3,69,17,0.08566934271463746,1,0.6296205536670925
0021001,1,10,0.4309,0.7689,29,0.1810,4,69,28,0.06013849495977341,1,0.5844647943782605
9630905,2,10,0.3631,0.7664,25,0.6387,3,70,21,0.11028861063267871,1,0.5591331081483519
4176156,1,10,0.3052,0.7370,21,0.6551,4,70,17,0.11331011858134651,1,0.6183059516574501
1793622,1,10,0.3168,0.7317,21,0.3651,4,70,17,0.05102358823527867,1,0.5526698994031705
1793622,2,10,0.3130,0.7053,21,0.2466,4,70,17,0.0875205335342016,1,0.4532755095014822
4176156,2,10,0.3259,0.7394,22,0.2085,4,70,19,0.11405089960490022,1,0.46972230709894014
9630905,1,10,0.3461,0.7478,23,0.6947,4,69,18,0.11340646919118559,1,0.6121707616415598
0021001,2,10,0.3441,0.7415,23,0.7932,4,70,18,0.06377582865905006,1,0.5670222144905132
0021006,2,10,0.3689,0.7685,25,0.7023,4,70,21,0.14103015086609932,1,0.6289097103890634
3201815,1,10,0.3441,0.7674,23,0.7777,4,70,18,0.08303405760995425,1,0.6305989995751733
3315657,2,10,0.3155,0.7341,21,0.6867,4,70,17,0.12458209973342757,1,0.573211198560782
3315657,1,10,0.3300,0.7241,22,0.6108,4,70,19,0.07572584045949848,1,0.5788689542895655
3201815,2,10,0.3627,0.7745,25,0.8313,3,70,19,0.08295748803641166,1,0.6774695709905473
0021006,1,10,0.3429,0.7501,23,0.5525,4,70,22,0.1535366772216458,1,0.6133069348630777
1961098,2,20,0.3093,0.7369,21,0.5675,4,70,20,0.11957390873053211,1,0.6463110530166166
1961098,1,20,0.3147,0.7353,21,0.4577,4,70,22,0.09641546134202755,1,0.5954614220072478
4288245,1,20,0.3183,0.7371,21,0.7413,4,68,16,0.1271137272211749,1,0.7436194153694207
2475376,2,20,0.3363,0.7068,22,0.2891,4,68,17,0.06060410270655928,1,0.6888094019034924
8735778,2,20,0.3118,0.7187,21,0.3170,4,70,17,0.10915034657850733,1,0.5634546321859679
3313349,1,20,0.3193,0.7389,22,0.7120,4,70,17,0.06353241762940845,1,0.6038121265363865
3808535,1,20,0.2799,0.7126,19,0.6418,4,70,16,0.1635500741679855,1,0.5338072306236066
3808535,2,20,0.3267,0.7206,22,0.6301,4,70,17,0.10294906572116624,1,0.6623994316857713
8735778,1,20,0.3246,0.7097,22,0.6033,4,70,19,0.09743534435870198,1,0.5226273583237326
3313349,2,20,0.3230,0.7488,22,0.3734,4,70,19,0.08882777630000083,1,0.5469380884638408
2475376,1,20,0.3358,0.7279,22,0.4516,4,68,19,0.0974723667980367,1,0.6717607126600582
4288245,2,20,0.3193,0.7464,21,0.7798,4,69,17,0.09109228057672472,1,0.6217155767958293
0021018,2,20,0.3176,0.7476,21,0.3238,4,70,20,0.09168335776268187,1,0.5953853068977106
0021018,1,20,0.3538,0.7665,24,0.7134,4,69,22,0.06569559149671285,1,0.5051643909161847
0021002,2,20,0.3086,0.7519,20,0.8252,4,69,16,0.09049584887223161,1,0.6634983420421036
3795193,1,20,0.2984,0.7126,20,0.2455,4,69,17,0.13458974408534335,1,0.5189507419930078
2842950,1,20,0.3875,0.7331,26,0.1808,4,69,24,0.06014680274148977,1,0.4555804676374775
0021024,2,20,0.2687,0.7204,18,0.2192,4,70,18,0.10556530153538168,1,0.5814710002129269
2842950,2,20,0.3870,0.7589,26,0.6469,4,69,23,0.07271779620141716,1,0.5755560935417806
0021024,1,20,0.2654,0.7183,18,0.3734,4,70,16,0.12662572910343248,1,0.5237754711126057
0021002,1,20,0.3069,0.7423,20,0.7838,4,69,16,0.09152685256514378,1,0.6427649444814468
3795193,2,20,0.3171,0.7512,21,0.3265,4,69,22,0.13611687617512652,1,0.577226812945681
7055197,2,20,0.3120,0.7117,21,0.5071,4,69,20,0.08700225555772222,1,0.6535570281413539
7055197,1,20,0.3188,0.7272,22,0.7413,4,70,18,0.10321926067839578,1,0.576032679272062
2799329,2,20,0.3069,0.7332,20,0.3734,4,69,15,0.13238734185727813,1,0.5449333627522506
2799329,1,20,0.3171,0.7335,21,0.6815,4,69,16,0.09707656100709325,1,0.5697811474459923
0021001,1,20,0.3951,0.7615,26,0.5820,3,68,26,0.04895002240415454,1,0.6364875182442223
9630905,2,20,0.3230,0.7481,22,0.2491,4,70,21,0.14119548427350792,1,0.5427115595319181
4176156,1,20,0.2880,0.7331,19,0.7895,4,68,16,0.15024896666287976,1,0.6541672490975405
1793622,1,20,0.2903,0.7311,19,0.5291,4,69,16,0.06308534304860489,1,0.6528351103367291
1793622,2,20,0.2843,0.7313,19,0.7223,4,69,17,0.07954075340279744,1,0.6827457842096489
4176156,2,20,0.3082,0.7412,20,0.6157,4,68,17,0.15615768973059244,1,0.6151261531561472
9630905,1,20,0.3065,0.7293,20,0.3286,4,69,18,0.12708794305240362,1,0.5253711707004821
0021001,2,20,0.3035,0.7115,20,0.3500,4,70,17,0.09604536281821545,1,0.5019605850113604
0021006,2,20,0.3284,0.7535,22,0.7458,4,70,19,0.14754829431495486,1,0.5833995090193229
3201815,1,20,0.3002,0.7346,20,0.3683,4,70,16,0.091778922407884,1,0.5227342826618285
3315657,2,20,0.2803,0.7413,19,0.7863,4,70,16,0.18833967398231455,1,0.630767143650453
3315657,1,20,0.2932,0.7370,20,0.7751,4,70,16,0.12223410375962283,1,0.5038842704085584
3201815,2,20,0.3312,0.7654,22,0.8597,4,69,18,0.09019228995395571,1,0.6409690030008968
0021006,1,20,0.3048,0.7585,21,0.8023,4,70,20,0.1543234453448652,1,0.6614328841547433
1961098,2,30,0.2792,0.7171,18,0.1370,4,69,20,0.1309416322653958,1,0.5526833438019318
1961098,1,30,0.2826,0.7243,19,0.1622,4,69,20,0.12405276896758301,1,0.5008714390739722
4288245,1,30,0.2788,0.7297,18,0.7351,4,68,15,0.1323056039362302,1,0.6660365141588631
2475376,2,30,0.2941,0.7206,19,0.2475,4,68,16,0.08821695564961374,1,0.5050265213656151
8735778,2,30,0.2809,0.7231,19,0.5534,4,69,17,0.13529839618019673,1,0.5714667953683754
3313349,1,30,0.2795,0.7235,19,0.5143,4,70,16,0.09386314330086572,1,0.6440261897448578
3808535,1,30,0.2519,0.7107,17,0.7893,5,69,12,0.17617157405755282,1,0.631602436182972
3808535,2,30,0.2861,0.7026,19,0.3152,4,70,15,0.1351620978455109,1,0.4387567105164841
8735778,1,30,0.2920,0.6975,19,0.5555,4,69,15,0.09602394133567355,1,0.5638442761907788
3313349,2,30,0.2894,0.7604,19,0.7667,4,69,18,0.06551010702522257,1,0.662251835608046
2475376,1,30,0.3026,0.7168,19,0.3167,4,67,18,0.08717442076866577,1,0.6668278005078343
4288245,2,30,0.2858,0.7355,19,0.7478,4,68,15,0.1361375714581571,1,0.5566107311424209
0021018,2,30,0.2941,0.7516,19,0.2792,4,68,19,0.11792370932875354,1,0.4844949066423936
0021018,1,30,0.3178,0.7726,21,0.5059,4,68,21,0.12239070112598344,1,0.5291906273100332
0021002,2,30,0.2707,0.7337,18,0.8286,4,69,14,0.12456763802633589,1,0.7468427310937966
3795193,1,30,0.2687,0.7250,18,0.3150,5,68,17,0.18246869453134362,1,0.5115050745593468
2842950,1,30,0.3486,0.7291,23,0.6502,4,68,19,0.07172875866412338,1,0.5924789695537642
0021024,2,30,0.2493,0.7261,16,0.5779,5,68,15,0.10777664684282161,1,0.5339416038558213
2842950,2,30,0.3486,0.7376,23,0.5754,4,68,21,0.09666503865754046,1,0.6825306989191455
0021024,1,30,0.2458,0.7168,16,0.3759,5,68,14,0.11187334246093303,1,0.5543062263677961
0021002,1,30,0.2685,0.7295,18,0.7835,4,69,13,0.12515981211199706,1,0.700977183938316
3795193,2,30,0.2944,0.7630,19,0.5771,4,67,19,0.17532668999330525,1,0.5960577647176234
7055197,2,30,0.2732,0.6930,18,0.2576,4,69,16,0.12010395190820078,1,0.517458109183095
7055197,1,30,0.2791,0.7148,19,0.3350,4,70,17,0.16597254050253926,1,0.4822652540882223
2799329,2,30,0.2761,0.7262,18,0.5018,4,68,14,0.12874064493039047,1,0.6903240159879063
2799329,1,30,0.2849,0.7229,19,0.6048,4,68,16,0.12616433401150243,1,0.6694599066133209
0021001,1,30,0.3459,0.7335,23,0.2350,4,68,23,0.08462056743367859,1,0.5864225659066755
9630905,2,30,0.2994,0.7412,20,0.2388,4,68,19,0.1671052551480233,1,0.5679179320570171
4176156,1,30,0.2515,0.7311,16,0.7151,4,68,16,0.19956923973865798,1,0.6425541127296097
1793622,1,30,0.2612,0.7291,17,0.7333,5,68,13,0.09134703244815921,1,0.5902242939967285
1793622,2,30,0.2564,0.7134,17,0.5038,4,68,16,0.10590180813899884,1,0.7043259092010165
4176156,2,30,0.2695,0.7214,18,0.3298,4,68,15,0.17027817020710026,1,0.5537865121798423
9630905,1,30,0.2849,0.7317,18,0.6868,4,67,17,0.14306896578550576,1,0.6324859184519965
0021001,2,30,0.2823,0.7244,18,0.6837,4,68,16,0.13506119677746803,1,0.6059692490579627
0021006,2,30,0.2870,0.7370,19,0.6700,4,70,18,0.14156934772306992,1,0.5570007417839524
3201815,1,30,0.2783,0.7109,18,0.4031,4,68,16,0.1167776730717909,1,0.7069209533184035
3315657,2,30,0.2532,0.7152,17,0.3173,4,69,14,0.1787245256586053,1,0.5143417479779575
3315657,1,30,0.2563,0.7059,17,0.1890,5,70,15,0.16181011916200258,1,0.6015150336180431
3201815,2,30,0.2985,0.7455,20,0.7020,4,68,16,0.09047017955302915,1,0.6657524361590859
0021006,1,30,0.2667,0.7273,18,0.3242,4,70,18,0.1506742416550873,1,0.5607226808923749
1961098,2,40,0.2458,0.6829,16,0.0227,4,68,17,0.12890739711757224,1,0.5929663571973838
1961098,1,40,0.2489,0.6989,16,0.0325,0,68,17,0.18000051421172997,2,0.6227596171266019
4288245,1,40,0.2460,0.7085,16,0.3056,5,67,14,0.12537525302820235,1,0.5056424612254863
2475376,2,40,0.2605,0.6970,17,0.3702,4,67,14,0.1261584523974461,1,0.7543909492729394
8735778,2,40,0.2480,0.7121,16,0.2348,4,68,16,0.17295654672605157,1,0.5857274897579785
3313349,1,40,0.2537,0.6982,17,0.1965,4,68,15,0.10476510106259766,1,0.5762287030150949
3808535,1,40,0.2161,0.6852,14,0.2785,5,69,11,0.187313479867046,1,0.6147122094345445
3808535,2,40,0.2523,0.7017,17,0.5427,4,69,12,0.16743547214710117,1,0.6933174810210299
8735778,1,40,0.2577,0.6965,17,0.2965,4,68,14,0.1393872964592804,1,0.576973699855171
3313349,2,40,0.2637,0.7202,17,0.3114,4,67,17,0.0923627491271457,1,0.5825171779044749
2475376,1,40,0.2592,0.7076,17,0.3747,4,67,15,0.15883102095808144,1,0.5829047558447992
4288245,2,40,0.2597,0.7220,16,0.6774,5,66,14,0.13289052796288273,1,0.6689472436394142
0021018,2,40,0.2601,0.7426,17,0.2167,5,67,19,0.22878198979859804,1,0.5782514582061378
0021018,1,40,0.2809,0.7556,18,0.2448,5,67,20,0.20095154172272878,1,0.47702760217606344
0021002,2,40,0.2384,0.7198,15,0.7160,5,68,13,0.1822915039800866,1,0.5991990216786586
3795193,1,40,0.2374,0.7152,15,0.3029,5,67,15,0.23257955197257016,1,0.5339816067681444
2842950,1,40,0.2989,0.7236,20,0.6547,4,68,17,0.07032744529128791,1,0.5432988364800362
0021024,2,40,0.2270,0.7083,14,0.5240,4,66,12,0.13480711994986988,1,0.6718651258329331
2842950,2,40,0.2989,0.7246,20,0.6393,4,68,16,0.09986237653720759,1,0.5775924878345118
0021024,1,40,0.2171,0.6887,14,0.3143,5,67,12,0.1586890403699147,1,0.49453755253310705
0021002,1,40,0.2442,0.7038,16,0.7126,5,67,13,0.18139333297903193,1,0.6937898625321461
3795193,2,40,0.2601,0.7431,16,0.3816,4,66,17,0.21304538635998974,1,0.7507213796662375
7055197,2,40,0.2569,0.7064,16,0.5455,4,66,15,0.18834787518043247,1,0.56319788352647
7055197,1,40,0.2464,0.7051,16,0.1887,5,69,15,0.17362959099262995,1,0.44961696375600535
2799329,2,40,0.2438,0.7070,16,0.3447,5,67,13,0.13165479601924074,1,0.5169208120677842
2799329,1,40,0.2519,0.7210,16,0.5870,5,67,14,0.1312547435056731,1,0.6873370026861715
0021001,1,40,0.2963,0.7303,19,0.2200,4,68,20,0.12245298735529102,1,0.5384704002283276
9630905,2,40,0.2641,0.7459,17,0.5107,4,67,17,0.2217152549761814,1,0.6751233224642381
4176156,1,40,0.2221,0.7066,14,0.4945,5,67,14,0.19118201512826347,1,0.6148426461870455
1793622,1,40,0.2307,0.7000,15,0.3082,5,67,13,0.16647041013986563,1,0.48569837691194506
1793622,2,40,0.2261,0.6996,14,0.3521,4,67,13,0.16423101281691296,1,0.5776112761587427
4176156,2,40,0.2448,0.7303,15,0.6427,5,66,15,0.1913927980864292,1,0.7110376842261598
9630905,1,40,0.2438,0.7328,16,0.6818,5,67,15,0.17848364780309744,1,0.6749702991427082
0021001,2,40,0.2414,0.6865,16,0.3088,5,68,14,0.190429527310568,1,0.5444527667830554
0021006,2,40,0.2460,0.6933,16,0.1867,4,70,15,0.13744078973772578,1,0.5755342397463149
3201815,1,40,0.2384,0.6944,15,0.2191,5,68,15,0.1356887868427625,1,0.5748639340061475
3315657,2,40,0.2230,0.7194,14,0.3888,5,68,14,0.19936737487437717,1,0.5873676515077481
3315657,1,40,0.2331,0.7302,15,0.6958,5,68,13,0.17912040840327087,1,0.5852763469767814
3201815,2,40,0.2559,0.7179,17,0.5120,4,68,14,0.1327325170804406,1,0.7184715611578222
0021006,1,40,0.2423,0.7102,16,0.3206,5,68,15,0.18757413653528518,1,0.5492370808033535
1961098,2,50,0.2250,0.6729,14,0.0315,5,65,14,0.1671888080197837,1,0.5444668700461112
1961098,1,50,0.2205,0.6844,14,0.0681,5,66,15,0.16695172869256517,1,0.4911177259132412
4288245,1,50,0.2112,0.7154,13,0.5159,5,66,12,0.22139447442957358,1,0.5616772121717644
2475376,2,50,0.2233,0.6901,14,0.2593,4,66,14,0.19335496519626835,1,0.4497189390180095
8735778,2,50,0.2130,0.6876,14,0.2116,4,67,13,0.166553697000861,1,0.5028780999073603
3313349,1,50,0.2247,0.7000,14,0.3977,5,66,15,0.18411658795042204,1,0.6167833645721603
3808535,1,50,0.1909,0.6850,12,0.3764,5,67,10,0.24002021042930152,1,0.5741006419967281
3808535,2,50,0.2164,0.6960,14,0.4068,5,68,11,0.19347894811036997,1,0.5460933427786082
8735778,1,50,0.2212,0.6969,14,0.3518,5,67,13,0.1660702693783709,1,0.5642832372790728
3313349,2,50,0.2261,0.7055,14,0.1580,5,66,16,0.19984786071374616,1,0.5614276361814445
2475376,1,50,0.2233,0.7078,14,0.5110,4,66,13,0.21890090967773818,1,0.6109947060990332
4288245,2,50,0.2163,0.7209,14,0.4914,5,66,13,0.17852809802758302,1,0.6733210786005402
0021018,2,50,0.2228,0.7007,14,0.0431,5,66,17,0.2663745775578103,1,0.6315210996751884
0021018,1,50,0.2410,0.7531,15,0.3240,4,66,19,0.2382894521772873,1,0.6475260152862828
0021002,2,50,0.2049,0.7064,13,0.5747,6,67,12,0.2392735535641739,1,0.7306884291299401
3795193,1,50,0.2037,0.7069,13,0.5194,5,66,13,0.2590305143764966,1,0.6345319490638526
2842950,1,50,0.2493,0.7235,16,0.7135,4,68,14,0.11409850147677113,1,0.5288030308254795
0021024,2,50,0.1957,0.6805,12,0.1424,5,65,11,0.18174902333655743,1,0.5661108350443407
2842950,2,50,0.2489,0.7124,16,0.4139,4,68,14,0.1288408018947152,1,0.5450796721175308
0021024,1,50,0.1923,0.6948,12,0.5015,5,65,11,0.21518179815007255,1,0.576553388557896
0021002,1,50,0.2035,0.6840,13,0.3489,6,67,12,0.2628059069064121,1,0.6478387931850458
3795193,2,50,0.2168,0.7304,14,0.3613,5,66,16,0.2194126380951415,1,0.7200499237701831
7055197,2,50,0.2135,0.7092,13,0.5153,5,66,13,0.23826425351936176,1,0.684837403034254
7055197,1,50,0.2242,0.7242,14,0.6931,5,66,12,0.20059428349528954,1,0.596051959217003
2799329,2,50,0.2159,0.6908,13,0.2568,5,65,12,0.19749150606774,1,0.5115983614429216
2799329,1,50,0.2226,0.7023,14,0.4188,5,65,13,0.17729635995413665,1,0.6796068734465028
0021001,1,50,0.2620,0.7080,17,0.3794,5,66,17,0.13286151370999041,1,0.6859228328379579
9630905,2,50,0.2203,0.7071,14,0.1829,5,67,14,0.24435183192875512,1,0.5704233470667026
4176156,1,50,0.1907,0.7069,12,0.5712,5,66,11,0.2544673221743534,1,0.6741176074257649
1793622,1,50,0.1981,0.6935,12,0.5623,4,66,12,0.21610895508468075,1,0.6364623774588547
1793622,2,50,0.1944,0.6970,12,0.5471,4,66,12,0.23429327158456625,1,0.6928352659480479
4176156,2,50,0.2037,0.7190,13,0.5413,5,66,14,0.23438326733950426,1,0.6484560914579865
9630905,1,50,0.2031,0.6715,13,0.1279,5,67,13,0.21440617031749518,1,0.553735724745831
0021001,2,50,0.2135,0.6980,13,0.4504,5,66,13,0.21326359590537813,1,0.655891283732729
0021006,2,50,0.2239,0.6989,14,0.3285,5,67,15,0.15458103712416418,1,0.5200758026268666
3201815,1,50,0.2112,0.6914,13,0.2364,5,66,14,0.16169944420349014,1,0.5327723187470216
3315657,2,50,0.1913,0.6991,12,0.3469,5,67,12,0.28040080438908005,1,0.4593015330467991
3315657,1,50,0.1999,0.6895,13,0.1833,5,67,13,0.2524428316264259,1,0.5809905897222637
3201815,2,50,0.2203,0.7108,14,0.4482,5,67,13,0.15740052332289267,1,0.685796077635197
0021006,1,50,0.2081,0.6894,13,0.2584,5,67,13,0.23367909672198095,1,0.5271835262481781
1961098,2,60,0.1860,0.6474,11,0.0037,6,64,13,0.20874048734234985,1,0.5766176121067184
1961098,1,60,0.1817,0.6485,11,0.0017,5,65,13,0.23202947268203797,1,0.5397873865727394
4288245,1,60,0.1745,0.6976,11,0.1885,5,65,12,0.25941053192795205,1,0.5247599633804403
2475376,2,60,0.1841,0.6793,11,0.1280,6,65,13,0.22279381640314122,1,0.5266926284357099
8735778,2,60,0.1758,0.6779,11,0.1303,7,66,11,0.18557765425092446,1,0.546613052826211
3313349,1,60,0.1800,0.6579,11,0.0625,6,66,12,0.22447758513315272,1,0.542633138100758
3808535,1,60,0.1576,0.7021,10,0.7116,5,66,8,0.3837043746184375,1,0.8096520072118659
3808535,2,60,0.1841,0.7056,11,0.7193,4,66,10,0.26831930612789984,1,0.6712702960905179
8735778,1,60,0.1828,0.6824,11,0.3697,5,66,11,0.19999538959820773,1,0.5967657706611809
3313349,2,60,0.1925,0.6667,12,0.0530,6,64,13,0.23023028299345408,1,0.5779212077486772
2475376,1,60,0.1837,0.6776,11,0.2258,6,65,11,0.2675843449634594,1,0.5166779172458333
4288245,2,60,0.1793,0.6955,11,0.2438,5,65,12,0.2404497793441821,1,0.515918964808501
0021018,2,60,0.1961,0.6665,12,0.0006,5,63,16,0.31193541643856093,1,0.5839723552971383
0021018,1,60,0.2120,0.7073,13,0.0419,5,63,17,0.26378712319877123,1,0.5044544995967818
0021002,2,60,0.1740,0.6641,11,0.0837,6,65,11,0.307404741072741,1,0.6101806726201671
3795193,1,60,0.1632,0.6586,10,0.1064,6,66,11,0.2979795819569818,1,0.5827196577903024
2842950,1,60,0.2183,0.7330,13,0.6992,5,65,12,0.1817622767855504,1,0.5073614923210529
0021024,2,60,0.1612,0.6926,10,0.1954,6,64,10,0.31928417799829023,1,0.5037850642657153
2842950,2,60,0.2117,0.7172,13,0.7045,5,66,12,0.21333181755477446,1,0.5422986067219457
0021024,1,60,0.1538,0.6765,9,0.1594,5,65,11,0.36520572358959047,1,0.5661129860197687
0021002,1,60,0.1731,0.6617,11,0.1011,5,65,11,0.29717220978862197,1,0.5709403021577941
3795193,2,60,0.1788,0.6509,11,0.0011,6,65,13,0.2575960546512424,1,0.6319368317074328
7055197,2,60,0.1706,0.7011,11,0.2096,5,66,11,0.2925085677591258,1,0.49981077352273895
7055197,1,60,0.1795,0.7119,11,0.3169,5,66,12,0.2538954093290461,1,0.5306987263682384
2799329,2,60,0.1786,0.6638,11,0.1851,5,64,11,0.26644675032948645,1,0.5296545203561764
2799329,1,60,0.1784,0.6611,11,0.1408,5,65,12,0.27383225741841777,1,0.5959220175251847
0021001,1,60,0.2098,0.6618,13,0.0827,5,66,13,0.16113230864555853,1,0.5572305031664879
9630905,2,60,0.1875,0.6609,12,0.0215,5,65,12,0.24911100309732667,1,0.5725448598989322
4176156,1,60,0.1529,0.6575,9,0.2342,5,66,10,0.28241902917684136,1,0.5478533518123274
1793622,1,60,0.1585,0.6530,10,0.1671,5,66,11,0.26074575381216003,1,0.6764729838232215
1793622,2,60,0.1562,0.6361,10,0.0639,5,66,10,0.3107234888747165,1,0.575884901324643
4176156,2,60,0.1632,0.6579,10,0.1268,5,66,11,0.31048382809320324,1,0.6146960434257652
9630905,1,60,0.1731,0.6408,11,0.0505,5,65,11,0.23780414057370272,1,0.5457450672571196
0021001,2,60,0.1711,0.6541,11,0.0729,5,66,11,0.33905672055086117,1,0.5488054305868495
0021006,2,60,0.1846,0.6851,12,0.3623,5,66,13,0.21529114757612777,1,0.6133566631852019
3201815,1,60,0.1854,0.6359,11,0.0509,5,63,11,0.18383152735812416,1,0.5925988773428978
3315657,2,60,0.1630,0.6650,10,0.1444,5,65,12,0.3062291646982869,1,0.5114139634225321
3315657,1,60,0.1655,0.6669,10,0.1805,5,66,11,0.2690424142346575,1,0.4849112223040358
3201815,2,60,0.1930,0.6463,12,0.0492,5,64,11,0.18178046780645352,1,0.6099826652717577
0021006,1,60,0.1774,0.6941,11,0.3881,5,65,12,0.2652296443073661,1,0.5645220422637043
1961098,2,70,0.1481,0.5820,9,0.0160,8,62,12,0.3004611270951775,1,0.5821621766720799
1961098,1,70,0.1552,0.5820,9,0.0156,8,61,11,0.2564854118600587,1,0.5791281282721923
4288245,1,70,0.1438,0.6662,8,0.0607,6,62,12,0.35760188240721036,1,0.6018857875950615
2475376,2,70,0.1475,0.6428,9,0.0548,6,63,11,0.27787507258884836,1,0.5481948371887757
8735778,2,70,0.1365,0.6276,8,0.0068,7,65,11,0.3142656991423111,1,0.693096243481848
3313349,1,70,0.1579,0.6693,9,0.0587,7,61,12,0.3038045952530418,1,0.4903129742330756
3808535,1,70,0.1184,0.6435,7,0.1800,6,66,7,0.41934610615079404,1,0.5420900596500696
3808535,2,70,0.1380,0.6547,8,0.3769,5,66,8,0.3367727411477406,1,0.4877141425678124
8735778,1,70,0.1371,0.6499,8,0.1735,7,66,10,0.28820720760927265,1,0.6927370818580487
3313349,2,70,0.1590,0.5842,9,0.0124,7,61,11,0.20349948191269318,1,0.6439022977521809
2475376,1,70,0.1470,0.6364,9,0.0303,6,63,11,0.31739659666087444,1,0.5541361329779331
4288245,2,70,0.1429,0.6557,8,0.0639,6,63,12,0.3022344032359994,1,0.5160889143528424
0021018,2,70,0.1568,0.6348,9,0.0001,6,61,13,0.3412246593122303,1,0.5393088803365199
0021018,1,70,0.1645,0.6423,10,0.0028,6,62,13,0.3299482055967711,1,0.5582682453031838
0021002,2,70,0.1438,0.6626,8,0.1884,6,62,9,0.33258792200345005,1,0.5707939491881742
3795193,1,70,0.1391,0.6313,8,0.0683,5,62,9,0.36562814966605944,1,0.6402964410007294
2842950,1,70,0.1691,0.7010,10,0.4067,5,64,11,0.24959710429277995,1,0.4807113922939156
0021024,2,70,0.1333,0.6620,8,0.2464,6,61,9,0.37535964263294747,1,0.49429264673732787
2842950,2,70,0.1746,0.7047,10,0.3643,5,63,11,0.2702399016300509,1,0.509616328765735
0021024,1,70,0.1229,0.6249,7,0.0485,7,63,10,0.3753268755648453,1,0.4712056472980688
0021002,1,70,0.1433,0.6519,8,0.1429,6,62,9,0.32748594486367694,1,0.5346629625673969
3795193,2,70,0.1576,0.6332,9,0.0130,7,60,12,0.2851581155548135,1,0.43044969826185
7055197,2,70,0.1322,0.6000,8,0.0079,6,65,10,0.29879780076487666,1,0.6088990896361216
7055197,1,70,0.1389,0.6398,8,0.0407,5,65,11,0.28111310952376184,1,0.5803122943269868
2799329,2,70,0.1382,0.6601,8,0.1045,5,63,11,0.3223586646157377,1,0.5241901566493695
2799329,1,70,0.1423,0.6320,8,0.0417,5,63,11,0.3236268626474427,1,0.6403698167944265
0021001,1,70,0.1726,0.6600,10,0.0525,7,63,12,0.33283156701831657,1,0.5948534417863235
9630905,2,70,0.1453,0.6431,9,0.0314,7,64,11,0.28492292663055596,1,0.5730154900818103
4176156,1,70,0.1344,0.6201,8,0.1180,5,61,9,0.3278454763025738,1,0.5248341471401969
1793622,1,70,0.1265,0.5893,7,0.0112,6,64,10,0.35561804590414425,1,0.6078233008834504
1793622,2,70,0.1280,0.6436,7,0.1408,6,63,10,0.29341486598311683,1,0.5023608740624523
4176156,2,70,0.1347,0.6223,8,0.0484,6,63,10,0.3329475092963327,1,0.49293200247904967
9630905,1,70,0.1339,0.6009,8,0.0128,7,64,10,0.3093892332918831,1,0.6688042687835762
0021001,2,70,0.1454,0.5941,8,0.0001,7,62,10,0.37704960859571496,1,0.6012229988651183
0021006,2,70,0.1521,0.6183,9,0.0103,6,63,13,0.26464567236923126,1,0.558638174125588
3201815,1,70,0.1438,0.5600,8,0.0102,6,62,10,0.2776656802824348,1,0.6897881672949797
3315657,2,70,0.1301,0.5947,8,0.0000,7,63,11,0.3331840444941982,1,0.5543706535263948
3315657,1,70,0.1362,0.6604,8,0.1096,6,63,10,0.32494748691238656,1,0.5111329340262343
3201815,2,70,0.1596,0.6050,9,0.0122,6,61,11,0.24523952015106698,1,0.5875039986178958
0021006,1,70,0.1460,0.6133,8,0.0101,6,62,12,0.330586091130441,1,0.5769138255689599
1961098,2,80,0.1172,0.4867,6,0.1297,0,57,11,0.21765228818800228,3,0.7529690009075926
1961098,1,80,0.1227,0.5503,6,0.0193,0,56,11,0.23755233552455776,4,0.6359071947458517
4288245,1,80,0.1140,0.5066,6,0.0532,8,57,11,0.29597434807256223,1,0.6123425287838913
2475376,2,80,0.1122,0.4974,6,0.0186,8,59,9,0.3664314321883897,1,0.5840489230716802
8735778,2,80,0.1143,0.5329,6,0.0051,5,58,9,0.33512741426980147,1,0.5667258500625221
3313349,1,80,0.1349,0.5909,7,0.0000,7,54,9,0.3313851668509686,1,0.584475217325308
3808535,1,80,0.0894,0.4741,5,0.0001,6,62,6,0.5281486794171222,1,0.6197044331393678
3808535,2,80,0.0982,0.5678,6,0.0886,6,64,6,0.46620560012137113,1,0.5951450794391353
8735778,1,80,0.1036,0.5515,6,0.0005,6,62,9,0.3892895849596673,1,0.6123513225313955
3313349,2,80,0.1356,0.5843,7,0.0072,8,54,10,0.3023614662765608,1,0.5477346478905802
2475376,1,80,0.1116,0.5429,6,0.0010,7,59,9,0.3887420959006709,1,0.5396675198160444
4288245,2,80,0.1087,0.5278,6,0.0235,0,59,11,0.25059823889225,2,0.7541406906448287
0021018,2,80,0.1122,0.5378,6,0.0078,7,59,9,0.35479359317834813,1,0.7318348217157867
0021018,1,80,0.1297,0.6339,7,0.0049,7,57,12,0.4030628736343019,1,0.5405338651232608
0021002,2,80,0.1095,0.5580,6,0.0064,7,58,8,0.39032581453634085,1,0.4944514815566867
3795193,1,80,0.1059,0.5216,6,0.0036,7,58,7,0.43345342522974123,1,0.5723180257469174
2842950,1,80,0.1240,0.6050,7,0.0285,6,61,10,0.3283758556781155,1,0.5431011675739117
0021024,2,80,0.1183,0.5508,6,0.0020,10,53,9,0.2841244029663147,1,0.5020494460332843
2842950,2,80,0.1200,0.5481,7,0.0044,7,62,10,0.3719896745887185,1,0.6116162500134283
0021024,1,80,0.1118,0.5153,5,0.0138,9,54,9,0.26046202225447496,1,0.586685000306484
0021002,1,80,0.1089,0.5570,6,0.0022,7,58,8,0.38621220296110653,1,0.5129180698548709
3795193,2,80,0.1125,0.5317,6,0.0162,7,58,9,0.3740935892897828,1,0.6199054180819321
7055197,2,80,0.1107,0.4951,6,0.0395,0,58,9,0.3154282656044875,2,0.6151848677581708
7055197,1,80,0.1128,0.5594,6,0.0007,0,59,9,0.32602621856365044,2,0.6968216464168326
2799329,2,80,0.1258,0.5660,6,0.0037,6,54,8,0.33440050951843375,1,0.5440703969248566
2799329,1,80,0.1165,0.5251,6,0.0181,7,57,10,0.2781004560915276,1,0.5706764289116366
0021001,1,80,0.1271,0.5605,7,0.0026,7,60,9,0.45147433332869463,1,0.5885908831816771
9630905,2,80,0.1102,0.5318,6,0.0258,10,60,9,0.40150798289313827,1,0.5415704760520296
4176156,1,80,0.1071,0.5303,5,0.0071,0,56,7,0.41100271230826796,2,0.5050868090710403
1793622,1,80,0.1028,0.4826,5,0.0225,9,58,9,0.3565209153836975,1,0.47885550109281816
1793622,2,80,0.1084,0.5498,5,0.0000,8,56,9,0.3969086700336698,1,0.48200577075049833
4176156,2,80,0.1096,0.5033,6,0.0112,0,57,9,0.32910182056227955,2,0.5888994262802063
9630905,1,80,0.1089,0.5166,6,0.0235,9,58,9,0.28679586698227066,1,0.5809055897176845
0021001,2,80,0.1239,0.5672,6,0.0004,8,55,7,0.41462031213603556,1,0.6247513916849163
0021006,2,80,0.1198,0.5557,6,0.0316,0,58,12,0.2554910962923182,2,0.6255614737109377
3201815,1,80,0.1095,0.5325,6,0.0185,0,58,9,0.336856049681081,2,0.6847173235385469
3315657,2,80,0.1028,0.4901,5,0.0241,8,58,9,0.4096034108087682,1,0.6904486716909495
3315657,1,80,0.1071,0.5816,6,0.0111,8,58,8,0.42607144100330163,1,0.5107804283895255
3201815,2,80,0.1180,0.5554,6,0.0037,7,58,10,0.30016180083144384,1,0.6751147289607735
0021006,1,80,0.1113,0.5081,6,0.0358,0,58,10,0.25036524843855684,2,0.5686891841569384
1961098,2,90,0.1411,0.3591,5,0.3668,0,37,8,0.04648526077097506,3,0.7540132502614569
1961098,1,90,0.1799,0.3548,5,0.5334,0,33,8,0.219332037250384,2,0.7691121127472523
4288245,1,90,0.1444,0.3822,5,0.2833,0,36,9,0.37661764705882345,2,0.8170630957525347
2475376,2,90,0.1115,0.4483,4,0.0458,0,42,8,0.39634146341463417,2,0.6886791200082447
8735778,2,90,0.1282,0.3545,4,0.2969,0,39,8,0.3630255255255255,2,0.8291417705836075
3313349,1,90,0.1183,0.4155,4,0.1108,0,41,8,0.36332417582417575,2,0.7463258062081881
3808535,1,90,0.0754,0.3000,3,0.0675,8,48,5,0.6386062288004934,1,0.5260309148245051
3808535,2,90,0.0667,0.2839,3,0.1103,0,55,5,0.5621069182389937,2,0.6118155180567971
8735778,1,90,0.1036,0.3872,4,0.1259,0,44,7,0.286062991087908,4,0.7593830499303136
3313349,2,90,0.1630,0.5369,5,0.0578,6,35,8,0.4231633562515915,1,0.6143777834586805
2475376,1,90,0.1063,0.3761,4,0.1374,7,43,8,0.40882694541231124,1,0.823455256325134
4288245,2,90,0.1476,0.4640,5,0.1534,0,36,9,0.3932427971188475,2,0.8106461928994456
0021018,2,90,0.1171,0.5099,4,0.0093,6,41,7,0.4264476495726496,1,0.6216619138304083
0021018,1,90,0.1099,0.3935,4,0.1379,0,44,8,0.23757844222960497,2,0.7780297298103782
0021002,2,90,0.1008,0.3969,4,0.0364,0,43,5,0.31717640985933665,2,0.4710077952503764
3795193,1,90,0.1022,0.4082,4,0.0602,0,42,6,0.4037161246612466,2,0.6061985044182769
2842950,1,90,0.1055,0.4898,4,0.0124,7,47,9,0.4619189479334404,1,0.6653562445463737
0021024,2,90,0.1302,0.4697,4,0.0364,0,36,6,0.19711951447245574,2,0.5156951010502259
2842950,2,90,0.1055,0.4444,4,0.0463,7,47,8,0.4987746338470973,1,0.6855878385685663
0021024,1,90,0.1270,0.4704,4,0.0314,0,36,7,0.15953314659197024,2,0.4841996019626973
0021002,1,90,0.0997,0.4280,4,0.0034,0,43,5,0.3557684862562912,2,0.5776234669603135
3795193,2,90,0.1396,0.4765,5,0.1967,0,37,8,0.17015873015873018,2,0.8588582208313664
7055197,2,90,0.1381,0.3817,4,0.2305,0,37,7,0.19412414965986388,2,0.7532091588597036
7055197,1,90,0.1380,0.4894,5,0.0673,0,38,8,0.23630088421755077,2,0.6314145217357149
2799329,2,90,0.1045,0.3551,4,0.1885,7,42,8,0.3584748838559814,1,0.7589855198502186
2799329,1,90,0.1192,0.3731,4,0.2343,9,40,8,0.4506897585844955,1,0.8069421367073779
0021001,1,90,0.1045,0.4092,4,0.1854,0,47,8,0.38835323850420467,3,0.7514361650160976
9630905,2,90,0.1195,0.3813,4,0.2177,0,41,8,0.12355769230769231,2,0.6465462636841279
4176156,1,90,0.0759,0.3249,3,0.0457,0,47,5,0.3839517355519772,4,0.6587812671911304
1793622,1,90,0.1037,0.3264,4,0.3164,0,41,8,0.21581196581196585,4,0.8664044982217655
1793622,2,90,0.0888,0.2929,3,0.2882,0,44,7,0.37126245847176076,3,0.6573211625572069
4176156,2,90,0.1188,0.4602,4,0.0393,0,39,7,0.30549431009957323,2,0.6046213989199336
9630905,1,90,0.1429,0.4075,5,0.2145,7,36,8,0.13949579831932774,1,0.6387080823476021
0021001,2,90,0.0929,0.4373,4,0.0138,0,45,5,0.4671276720695325,3,0.5331218785918075
0021006,2,90,0.1875,0.4094,6,0.5461,0,33,10,0.05728766641065029,3,0.7456088663969812
3201815,1,90,0.1167,0.3533,4,0.2796,0,40,8,0.32978238866396736,2,0.6386233195842357
3315657,2,90,0.1147,0.3133,4,0.3625,0,39,7,0.04858147621305516,4,0.8434160338337214
3315657,1,90,0.0986,0.3250,4,0.1366,9,43,7,0.4586236933797909,1,0.8155504376326771
3201815,2,90,0.1195,0.4153,4,0.1644,8,41,9,0.47865537240537204,1,0.5770676572393445
0021006,1,90,0.1460,0.3883,5,0.2645,0,36,8,0.21756302521008403,2,0.8293798891144951
1961098,2,92.5,0.1609,0.3776,4,0.3247,0,30,7,0.05320197044334976,4,0.6383599364965455
1961098,1,92.5,0.2023,0.4272,5,0.2878,0,27,7,0.07974358974358975,2,0.8715020735269023
4288245,1,92.5,0.1937,0.4311,5,0.3811,0,27,8,0.02333333333333333,3,0.7609200729345155
2475376,2,92.5,0.1364,0.3013,4,0.3247,7,33,7,0.44334677419354834,1,0.8023042232163117
8735778,2,92.5,0.1632,0.4097,4,0.2318,0,30,7,0.18048029556650252,2,0.7393036156816393
3313349,1,92.5,0.1301,0.3594,4,0.2111,7,34,7,0.41540404040404033,1,0.8057680700850268
3808535,1,92.5,0.0780,0.3078,3,0.0639,0,41,4,0.40512820512820513,3,0.6673831814359603
3808535,2,92.5,0.0715,0.2125,3,0.1714,10,46,5,0.6537037037037038,1,0.6807542993048519
8735778,1,92.5,0.1244,0.4990,4,0.0512,0,35,7,0.17283868092691623,3,0.70244858740848
3313349,2,92.5,0.1678,0.4403,4,0.2051,0,30,8,0.19527914614121517,2,0.9434770486294228
2475376,1,92.5,0.1283,0.3472,4,0.2150,7,34,7,0.38589015151515155,1,0.8146720332679362
4288245,2,92.5,0.1852,0.4134,5,0.4005,0,28,8,0.02872744539411206,3,0.9034773148616987
0021018,2,92.5,0.1210,0.3131,4,0.2748,0,35,7,0.21332442067736185,2,0.7751141259756499
0021018,1,92.5,0.1110,0.3132,4,0.2588,0,38,7,0.2349537037037037,2,0.7408497551612385
0021002,2,92.5,0.1079,0.3945,3,0.0207,8,36,5,0.4045728291316524,1,0.7545045522390972
3795193,1,92.5,0.1109,0.4067,3,0.0841,0,35,5,0.2463606654783126,3,0.7237860448789393
2842950,1,92.5,0.1161,0.4441,4,0.0519,6,39,8,0.49073020388809835,1,0.5535653703361865
0021024,2,92.5,0.1402,0.4891,4,0.0377,0,30,6,0.055603448275862076,2,0.3861179351781081
2842950,2,92.5,0.1161,0.4478,4,0.0315,6,39,7,0.49651493598862023,1,0.5529662154235012
0021024,1,92.5,0.1290,0.3601,3,0.1182,0,31,6,0.10316091954022992,2,0.5746693091072856
0021002,1,92.5,0.1021,0.3022,3,0.1085,7,37,5,0.4446031746031746,1,0.6768860933871368
3795193,2,92.5,0.1724,0.3474,4,0.5943,0,29,7,0.1751984126984127,2,0.7681530417620067
7055197,2,92.5,0.1484,0.3703,4,0.2987,0,31,7,0.09947637292464874,3,0.8539119410527438
7055197,1,92.5,0.1383,0.4261,4,0.1335,0,33,7,0.20164650537634402,2,0.6603486786922923
2799329,2,92.5,0.1371,0.4043,4,0.2257,0,32,7,0.058691756272401426,3,0.6769149860797745
2799329,1,92.5,0.1248,0.3901,4,0.2228,0,34,7,0.09431818181818187,3,0.5348922018985
0021001,1,92.5,0.0987,0.4246,4,0.1376,0,42,7,0.4082610659439925,4,0.7072853124213136
9630905,2,92.5,0.1472,0.3494,4,0.3326,0,32,7,0.08360215053763441,2,0.850613042560635
4176156,1,92.5,0.0984,0.2950,3,0.0848,0,36,4,0.3407563025210083,2,0.6456350367187849
1793622,1,92.5,0.1376,0.2961,4,0.6215,0,31,7,0.12005108556832696,3,0.8370311171987542
1793622,2,92.5,0.1123,0.2438,3,0.5448,0,34,6,0.29797979797979796,2,0.6991056211516427
4176156,2,92.5,0.1109,0.2845,3,0.2805,0,35,5,0.26527715884333525,3,0.7280308435613405
9630905,1,92.5,0.1563,0.3790,4,0.2434,0,30,7,0.08112684729064039,2,0.761574117466166
0021001,2,92.5,0.0841,0.4456,3,0.0022,0,41,4,0.5326923076923077,3,0.4275389225086138
0021006,2,92.5,0.2308,0.4720,5,0.5377,0,26,9,0.0025396825396825397,2,0.8321930992943297
3201815,1,92.5,0.1079,0.3686,3,0.2526,0,36,7,0.05486194477791116,5,0.6955305542494223
3315657,2,92.5,0.1693,0.3856,4,0.3141,0,28,7,0.008990186767964542,3,0.741650515680214
3315657,1,92.5,0.1063,0.2760,3,0.3101,0,36,6,0.05303454715219419,4,0.794284240108414
3201815,2,92.5,0.1472,0.3700,4,0.4575,0,32,9,0.06097670250896059,4,0.8535599354871777
0021006,1,92.5,0.1484,0.3369,4,0.3631,0,31,6,0.18193805874840366,2,0.7915573909873332
1961098,2,95,0.2749,0.4966,4,0.0757,4,19,5,0.010593681917211328,1,0.7898417658009733
1961098,1,95,0.2526,0.4473,4,0.4439,0,20,6,0.025211176088369064,3,0.6502842907996063
4288245,1,95,0.2421,0.4313,4,0.6025,0,20,7,0.06432748538011696,3,0.6627663219607626
2475376,2,95,0.2286,0.5208,4,0.1156,0,21,7,0.1868421052631579,2,0.6390312809164638
8735778,2,95,0.1477,0.3400,3,0.3237,0,26,5,0.08958333333333339,3,0.7836391319842099
3313349,1,95,0.1633,0.3367,3,0.4615,0,25,7,0.017663043478260868,3,0.6474499701823977
3808535,1,95,0.1225,0.3641,3,0.0636,0,27,4,0.31076923076923074,2,0.6396128973730244
3808535,2,95,0.0947,0.2940,3,0.0866,0,33,4,0.37298387096774194,2,0.419594406896695
8735778,1,95,0.1296,0.3466,3,0.1961,0,28,6,0.054803735359290916,3,0.8258456789651181
3313349,2,95,0.1633,0.3055,3,0.5921,0,25,6,0.08333333333333331,3,0.5746495242757712
2475376,1,95,0.2078,0.4772,4,0.0727,6,22,7,0.3642857142857144,1,0.6884386169634851
4288245,2,95,0.2749,0.5341,4,0.2433,0,19,7,0.02505446623093682,3,0.8776087211943696
0021018,2,95,0.1477,0.3342,3,0.2555,0,26,6,0.06333333333333334,3,0.7861512039631207
0021018,1,95,0.1376,0.3675,3,0.1675,0,28,6,0.09546533713200382,3,0.8730847500482564
0021002,2,95,0.1057,0.2884,3,0.1510,0,30,4,0.10775862068965518,3,0.812672727616364
3795193,1,95,0.1084,0.2959,3,0.1203,0,29,5,0.2599206349206349,3,0.7748090842785464
2842950,1,95,0.1508,0.3826,4,0.1185,7,28,7,0.4193732193732193,1,0.5791017358621717
0021024,2,95,0.1367,0.3287,3,0.1531,0,25,5,0.09329710144927539,2,0.6486000375368701
2842950,2,95,0.1404,0.3980,3,0.0768,8,29,7,0.39914021164021163,1,0.4773669041066938
0021024,1,95,0.1231,0.2731,3,0.3603,0,26,5,0.19041666666666668,3,0.9207240995781324
0021002,1,95,0.0968,0.2180,2,0.3001,0,31,4,0.12768199233716476,4,0.589744512189444
3795193,2,95,0.1703,0.4337,3,0.1776,0,24,5,0.003513394817742643,5,0.5896623913920063
7055197,2,95,0.1818,0.4517,4,0.1345,0,23,6,0.08612914862914862,3,0.7331909955399516
7055197,1,95,0.1775,0.3132,4,0.5826,0,24,6,0.16756697408871318,2,0.7463544725120285
2799329,2,95,0.1500,0.3066,3,0.5401,0,25,5,0.13330314009661834,4,0.47910855891754
2799329,1,95,0.2035,0.3792,4,0.4318,0,22,6,0.08253968253968254,3,0.7543589784126371
0021001,1,95,0.1226,0.4818,3,0.0312,9,31,6,0.5527203065134099,1,0.33360177252245404
9630905,2,95,0.2579,0.4438,4,0.6829,0,20,7,0.043859649122807015,3,0.7683083820562506
4176156,1,95,0.0943,0.1929,2,0.3087,0,30,4,0.3017241379310345,3,0.6425631454646565
1793622,1,95,0.2515,0.5108,4,0.2031,0,19,6,0.023556644880174293,3,0.754304619073599
1793622,2,95,0.1818,0.3163,3,0.5457,0,22,5,0.02936507936507937,2,0.7099637296873587
4176156,2,95,0.1594,0.3481,3,0.1705,0,24,4,0.06840140535792708,2,0.7428087199929225
9630905,1,95,0.1948,0.3807,4,0.4168,0,22,7,0.01613756613756613,3,0.6398000280222094
0021001,2,95,0.1057,0.4033,3,0.0092,9,30,4,0.6305418719211823,1,0.6358732215889608
0021006,2,95,0.2632,0.5173,5,0.3248,0,20,6,0.029239766081871354,3,0.6952466480029265
3201815,1,95,0.1667,0.4105,3,0.2127,0,24,6,0.061923583662714096,3,0.8187163480072386
3315657,2,95,0.2048,0.4471,4,0.2578,0,21,6,0.015570175438596484,3,0.7456475054133422
3315657,1,95,0.1630,0.4021,3,0.1640,0,24,6,0.01712779973649538,3,0.7892841512161504
3201815,2,95,0.1937,0.3775,4,0.7778,0,23,8,0.000618429189857761,4,0.7508896382878137
0021006,1,95,0.1667,0.3712,3,0.4250,0,24,6,0.04545454545454546,3,0.7275922677910416
1961098,2,97.5,0.2637,0.5005,3,0.0087,4,14,4,0.0,1,0.6179984277226725
1961098,1,97.5,0.3636,0.4389,4,0.0506,4,12,4,0.004545454545454545,1,0.694483748963405
4288245,1,97.5,0.3485,0.5468,3,0.0022,4,12,4,0.06969696969696969,1,0.6851177217573841
2475376,2,97.5,0.4364,0.6082,4,0.0462,3,11,5,0.09876543209876543,1,0.7428458919976053
8735778,2,97.5,0.2000,0.3426,3,0.2822,0,16,5,0.16666666666666669,2,0.6124399585854721
3313349,1,97.5,0.3205,0.6642,3,0.0055,3,13,5,0.17708333333333334,1,0.4672533817137263
3808535,1,97.5,0.1158,0.3448,2,0.0005,0,20,3,0.3684210526315789,2,0.06622922048059587
3808535,2,97.5,0.1190,0.2834,2,0.0180,0,21,3,0.4052631578947368,2,0.24216370371522122
8735778,1,97.5,0.1838,0.4025,2,0.2613,0,17,5,0.07916666666666666,4,0.874425065561993
3313349,2,97.5,0.3788,0.5885,4,0.0102,3,12,5,0.10757575757575757,1,0.7701657149202287
2475376,1,97.5,0.3077,0.5029,3,0.2256,0,13,5,0.06523569023569022,2,0.8283435693251711
4288245,2,97.5,0.3077,0.4447,3,0.1422,4,13,5,0.0,1,0.8471298481158773
0021018,2,97.5,0.3077,0.4591,3,0.0451,3,13,5,0.027777777777777766,1,0.8421542084950284
0021018,1,97.5,0.2476,0.4167,3,0.1522,0,15,5,0.0,2,0.7618394417244901
0021002,2,97.5,0.1345,0.2123,2,0.1154,0,19,4,0.32026143790849676,2,0.8566419438126021
3795193,1,97.5,0.2095,0.3356,2,0.2539,0,15,4,0.18956043956043958,2,0.6466523503438182
2842950,1,97.5,0.2132,0.4594,3,0.0414,0,17,5,0.09861111111111108,2,0.7841275018349989
0021024,2,97.5,0.2692,0.4359,3,0.3515,0,13,4,0.19444444444444442,2,0.6560051116578777
2842950,2,97.5,0.2132,0.4979,3,0.0008,0,17,4,0.08715277777777777,2,0.5801680583713393
0021024,1,97.5,0.2198,0.4071,2,0.1059,0,14,3,0.28846153846153844,2,0.551109068856753
0021002,1,97.5,0.1691,0.3000,2,0.1075,0,17,4,0.3472222222222222,2,0.4978525697235576
3795193,2,97.5,0.3077,0.4412,3,0.0184,4,13,4,0.07575757575757576,1,0.65797486959309
7055197,2,97.5,0.1917,0.2768,2,0.6445,0,16,5,0.07797619047619048,3,0.5452892575829644
7055197,1,97.5,0.1838,0.3880,2,0.3031,0,17,5,0.15,3,0.5966511035041004
2799329,2,97.5,0.1917,0.3438,2,0.0732,0,16,4,0.1619047619047619,2,0.6696957450651744
2799329,1,97.5,0.2286,0.5013,3,0.0266,0,15,4,0.157967032967033,2,0.7008145126675513
0021001,1,97.5,0.1255,0.4097,2,0.1987,0,22,5,0.07936507936507936,5,0.6248910133062269
9630905,2,97.5,0.2381,0.4730,3,0.0176,0,15,4,0.042124542124542134,2,0.6540509608963007
4176156,1,97.5,0.1544,0.2160,2,0.0244,0,17,3,0.18854166666666666,2,0.5504243362663156
1793622,1,97.5,0.4000,0.7688,4,0.6357,4,11,5,0.0638888888888889,1,0.8515945590181612
1793622,2,97.5,0.2000,0.4600,2,0.0304,0,15,4,0.0,2,0.8057089453753233
4176156,2,97.5,0.1833,0.2708,2,0.3128,0,16,4,0.0761904761904762,2,0.7693971240165345
9630905,1,97.5,0.1917,0.4500,2,0.0789,0,16,4,0.0,2,0.6582574835291218
0021001,2,97.5,0.1095,0.3238,2,0.1483,0,21,4,0.15789473684210525,3,0.3473648231611316
0021006,2,97.5,0.2381,0.4496,3,0.1143,0,15,5,0.15384615384615385,2,0.8108490246341581
3201815,1,97.5,0.2949,0.5172,3,0.1483,0,13,5,0.2683080808080808,2,0.752151481982315
3315657,2,97.5,0.1833,0.3199,2,0.2172,0,16,4,0.12142857142857144,2,0.4161071778236204
3315657,1,97.5,0.1917,0.4073,2,0.0613,0,16,4,0.1384920634920635,2,0.8033226496930848
3201815,2,97.5,0.4545,0.6818,4,0.0067,3,11,5,0.01388888888888889,1,0.5092564752809828
0021006,1,97.5,0.2949,0.4088,3,0.1089,4,13,4,0.2086489898989899,1,0.7566508602191259
